{
  "version": "1.1",
  "pathFilters": ["."],
  "publicReleaseRefSpec": [
    "^refs/heads/main$"
  ],
  "gitCommitIdShortFixedLength": 5,
  "cloudBuild": {
    "setVersionVariables": true,
    "buildNumber": {
      "enabled": false,
      "includeCommitId": {
        "when": "nonPublicReleaseOnly",
        "where": "buildMetadata"
        }
    }
  },
  "release" : {
    "tagName" : "v{version}",
    "branchName" : "v{version}",
    "versionIncrement" : "minor",
    "firstUnstableTag" : "alpha"
  }
}